标题,个人评分,打分日期,我的短评,出版日期,作者,条目链接
"劳儿之劫","4","2024/06/18","","2005/7","[法] 玛格丽特·杜拉斯","https://book.douban.com/subject/1400703/"
"长刀之夜","4","2024/04/28","","2021/3","[日]三岛由纪夫","https://book.douban.com/subject/35316201/"
"丰乳肥臀","4","2024/04/18","","2003/09","莫言","https://book.douban.com/subject/1010349/"
"檀香刑","4","2024/04/18","","2001/3","莫言","https://book.douban.com/subject/1043485/"
"红高粱家族","4","2024/04/18","","2017/1","莫言","https://book.douban.com/subject/26905339/"
"哈利·波特","4","2024/04/18","","2008/12/1","J.K.罗琳 (J.K.Rowling)","https://book.douban.com/subject/24531956/"
"三体全集","4","2024/04/18","","2012/1","刘慈欣","https://book.douban.com/subject/6518605/"
"梦里花落知多少","4","2024/04/18","","2007/6","三毛","https://book.douban.com/subject/2070844/"
"撒哈拉的故事","4","2024/04/18","","1976","三毛","https://book.douban.com/subject/1361264/"
"悉达多","5","2024/04/18","","2017/1","[德] 赫尔曼·黑塞","https://book.douban.com/subject/26980487/"
"沉默的大多数","4","2024/04/18","","1997/10","王小波","https://book.douban.com/subject/1054685/"
"卡拉马佐夫兄弟","5","2024/04/18","","2015/2/1","陀思妥耶夫斯基 (Ф.М.Достоевский)","https://book.douban.com/subject/25887924/"
"死屋手记","5","2024/04/18","","2011/5","[俄] 陀思妥耶夫斯基","https://book.douban.com/subject/1088418/"
"许三观卖血记","5","2024/04/18","","2012/9","余华","https://book.douban.com/subject/4760224/"
"兄弟","4","2024/04/18","","2012/9/1","余华","https://book.douban.com/subject/20441957/"
"鼠疫","4","2024/04/18","","2013/8","[法] 阿尔贝·加缪","https://book.douban.com/subject/24257229/"
"四世同堂","5","2024/04/18","","2008/07","老舍","https://book.douban.com/subject/3183775/"
"茶馆","5","2024/04/18","","2002/1","老舍","https://book.douban.com/subject/1036613/"
"正红旗下","5","2024/04/18","","1980年6月","老舍","https://book.douban.com/subject/2032964/"
"月牙儿","5","2024/04/18","","2006/12/1","老舍","https://book.douban.com/subject/1982001/"
"人间词话","4","2024/04/18","","1998/12","王国维","https://book.douban.com/subject/1203426/"
"道德经","5","2024/04/18","","1996/10","黄元吉","https://book.douban.com/subject/1059258/"
"罪与罚","5","2024/04/18","","2006/8","[俄] 陀思妥耶夫斯基","https://book.douban.com/subject/1858568/"
"人生的枷锁","4","2024/04/18","","2007/3","[英] 毛姆","https://book.douban.com/subject/2035171/"
"受戒","4","2024/04/18","","1987/10","汪曾祺","https://book.douban.com/subject/1760432/"
"人间草木","4","2024/04/18","","2005/01","汪曾祺","https://book.douban.com/subject/1253310/"
"白鹿原","5","2023/11/10","","2017/4/1","陈忠实","https://book.douban.com/subject/27047454/"
"我的前半生：权威版全本","4","2023/09/25","说实话从这书确实看得出溥仪没啥写作才能，或者说他小时候确实没好好读四书五经啊。权威本头尾三个章节都在向新时代新思想表明着衷心，该说他确实太聪明。比起历史本身他本人从肉食者到一半群众的转变更值得一看，当看到他津津乐道于孔孟规训一般百姓的词书时真的太幽默","2022/1","爱新觉罗·溥仪","https://book.douban.com/subject/35726851/"
"姑获鸟之夏","5","2023/07/29","","2008/8","[日] 京极夏彦","https://book.douban.com/subject/3140801/"
"魍魉之匣（上）","5","2023/07/29","","2009/1","[日] 京极夏彦","https://book.douban.com/subject/3162513/"
"魍魉之匣（下）","5","2023/07/29","","2009/1","[日] 京极夏彦","https://book.douban.com/subject/3162527/"
"狂骨之梦","4","2023/07/29","","2009/2","[日] 京极夏彦","https://book.douban.com/subject/3316174/"
"络新妇之理（上）","5","2023/07/29","","2009年11月","[日] 京极夏彦","https://book.douban.com/subject/4038672/"
"络新妇之理（下）","5","2023/07/29","","2009年11月","[日] 京极夏彦","https://book.douban.com/subject/4038673/"
"悉达多","5","2023/06/20","","2009/3","[德] 赫尔曼·黑塞","https://book.douban.com/subject/3406401/"
"平家物语","5","2022/12/27","","2017/2","[日] 佚名","https://book.douban.com/subject/26732330/"
"银河英雄传说（全10册）","5","2022/05/13","","2014/10","[日] 田中芳树","https://book.douban.com/subject/25900696/"
"德米安","4","2021/02/11","","2009/3","[德] 赫尔曼·黑塞","https://book.douban.com/subject/3578470/"
"丰饶之海（上下）","4","2021/02/11","","2001/1","[日] 三岛由纪夫","https://book.douban.com/subject/1091904/"
"爱的饥渴","5","2021/02/11","","2009/1","[日] 三岛由纪夫","https://book.douban.com/subject/3391242/"
"萨德侯爵夫人","4","2021/02/11","","2010年7月","[日] 三岛由纪夫","https://book.douban.com/subject/4617900/"
"审判","4","2021/02/11","","2006/5","弗兰茨·卡夫卡","https://book.douban.com/subject/1837654/"
"美国","4","2021/02/11","","2007/9","F.卡夫卡","https://book.douban.com/subject/2331255/"
"卡夫卡口述","4","2021/02/11","","2009/3","（奥）卡夫卡口述","https://book.douban.com/subject/3616661/"
"凯旋门","4","2021/02/11","","2007/3","(德)雷马克","https://book.douban.com/subject/2050776/"
"西线无战事","4","2021/02/11","","2017/6","[德] 雷马克","https://book.douban.com/subject/26324832/"
"黑色方尖碑","4","2021/02/11","","2019/3","[德] 雷马克","https://book.douban.com/subject/30407791/"
"家","4","2021/02/11","","1981/09/01","巴金","https://book.douban.com/subject/1082522/"
"春","4","2021/02/11","","1962/08/01","巴金","https://book.douban.com/subject/1139945/"
"秋","4","2021/02/11","","1962/8/1","巴金","https://book.douban.com/subject/1139941/"
"猎人笔记","4","2021/02/11","","2006/8","屠格涅夫","https://book.douban.com/subject/1894740/"
"红字","4","2021/02/11","","2007/7","(美)霍桑","https://book.douban.com/subject/2193878/"
"如果在冬夜，一个旅人","4","2021/02/11","","2007/6","[意大利] 伊塔洛·卡尔维诺","https://book.douban.com/subject/2136484/"
"宇宙奇趣全集","4","2021/02/11","","2011/4","伊塔洛·卡尔维诺","https://book.douban.com/subject/5446490/"
"短篇小说集","4","2021/02/11","","2010/10","[意大利] 伊塔洛·卡尔维诺","https://book.douban.com/subject/4882011/"
"漂亮朋友","4","2021/02/11","","2008","莫泊桑","https://book.douban.com/subject/3144753/"
"太阳照常升起","4","2021/02/11","","2004/6/1","海明威","https://book.douban.com/subject/1174722/"
"丧钟为谁而鸣","4","2021/02/11","","2004/6","海明威","https://book.douban.com/subject/1174721/"
"老人与海","4","2021/02/11","","1999/10","[美]海明威","https://book.douban.com/subject/1064275/"
"乞力马扎罗的雪","4","2021/02/11","","2006/8","[美]海明威","https://book.douban.com/subject/1874411/"
"流动的盛宴","4","2021/02/11","","2009/1","[美] 海明威","https://book.douban.com/subject/3393056/"
"奥兰多","4","2021/02/03","","2014/4","[英] 弗吉尼亚·伍尔夫","https://book.douban.com/subject/25774861/"
"堂吉诃德","5","2021/01/30","","2002/7/1","塞万提斯","https://book.douban.com/subject/1005918/"
"人间喜剧","5","2021/01/30","","2009/10","巴尔扎克","https://book.douban.com/subject/4199233/"
"猎人笔记","5","2021/01/30","","2015/3","[俄] 屠格涅夫","https://book.douban.com/subject/25837850/"
"牛虻","5","2021/01/30","","2011/5/1","[英]埃塞尔·莉莲·伏尼契","https://book.douban.com/subject/6313454/"
"日瓦戈医生","5","2021/01/30","","2006/1/1","〔苏〕鲍里斯·帕斯捷尔纳克","https://book.douban.com/subject/1469878/"
"刚多林的陷落","5","2021/01/30","","2020/4","[英] J. R. R. 托尔金","https://book.douban.com/subject/34954100/"
"乌鸦","5","2021/01/30","","2017/12","[美] 埃德加·爱伦·坡","https://book.douban.com/subject/27181925/"
"分成两半的子爵","5","2021/01/30","","2012/4/1","[意] 伊塔洛·卡尔维诺","https://book.douban.com/subject/10555486/"
"树上的男爵","5","2021/01/30","","2012/4/1","[意大利]伊塔洛·卡尔维诺","https://book.douban.com/subject/6789605/"
"不存在的骑士","5","2021/01/30","","2012/4","[意] 伊塔洛·卡尔维诺","https://book.douban.com/subject/6789551/"
"马可瓦尔多","5","2021/01/30","","2020/1","[意] 伊塔洛·卡尔维诺","https://book.douban.com/subject/34799583/"
"沙之书","5","2021/01/30","","2015/7","[阿根廷] 豪·路·博尔赫斯","https://book.douban.com/subject/25796049/"
"小径分岔的花园","5","2021/01/30","","2015/7","[阿根廷] 豪·路·博尔赫斯","https://book.douban.com/subject/25796120/"
"深沉的玫瑰","5","2021/01/30","","2016/8","[阿根廷] 博尔赫斯","https://book.douban.com/subject/26671810/"
"高老头","5","2021/01/30","","1963/3","[法] 巴尔扎克","https://book.douban.com/subject/1987986/"
"阅微草堂笔记","4","2021/01/30","","2005/01/08","（清）纪昀","https://book.douban.com/subject/1626883/"
"白痴","5","2021/01/30","","2014/3/1","[俄] 陀思妥耶夫斯基","https://book.douban.com/subject/25773651/"
"纯真年代","4","2021/01/30","","2017/1","(美)伊迪丝·华顿|译者:吴其尧","https://book.douban.com/subject/26863403/"
"喧哗与骚动","5","2021/01/30","","2004/08","(美)威廉﹒福克纳","https://book.douban.com/subject/1052074/"
"我弥留之际","5","2021/01/30","","2004/4/1","福克纳","https://book.douban.com/subject/1082946/"
"2081","4","2021/01/30","","2019/4","[美] 库尔特·冯内古特","https://book.douban.com/subject/30282302/"
"荒原狼","5","2021/01/30","","2008/7","[德]赫尔曼·黑塞","https://book.douban.com/subject/3131626/"
"十日谈","4","2020/10/22","","2015/4/10","[意] 薄伽丘","https://book.douban.com/subject/25897666/"
"追忆似水年华","5","2020/10/22","","2012/6","[法] 马塞尔·普鲁斯特","https://book.douban.com/subject/10779650/"
"虹","3","2020/10/22","","2006/8","[英]D·H·劳伦斯","https://book.douban.com/subject/1858493/"
"The Magicians","3","2020/01/19","","2009/8/11","Lev Grossman","https://book.douban.com/subject/3752662/"
"The Magician King","5","2020/01/19","","2011/8/9","Lev Grossman","https://book.douban.com/subject/6717682/"
"The Magician's Land","5","2020/01/19","","2014/8/5","Lev Grossman","https://book.douban.com/subject/25892188/"
"柠檬","4","2020/01/13","","2019/4/1","(日)梶井基次郎","https://book.douban.com/subject/30394967/"
"尼古拉·果戈理","4","2020/01/13","","2010/12","(美) 纳博科夫","https://book.douban.com/subject/5326869/"
"萨拉戈萨手稿","4","2020/01/13","","2019/11","[波兰] 扬·波托茨基","https://book.douban.com/subject/34808267/"
"到婚礼去","4","2020/01/13","","2019/10","[英] 约翰·伯格","https://book.douban.com/subject/34779922/"
"恐妻家","4","2020/01/13","","2019/11","[日] 伊坂幸太郎","https://book.douban.com/subject/34778578/"
"13只钟","4","2020/01/01","","2012/9","(美)詹姆斯·瑟伯","https://book.douban.com/subject/10736308/"
"平静的生活","4","2020/01/01","","2014/5","[法] 玛格丽特·杜拉斯","https://book.douban.com/subject/25862381/"
"雨季不再来","5","2020/01/01","","2009/3","三毛","https://book.douban.com/subject/3604520/"
"全息玫瑰碎片","4","2020/01/01","","2014/3","[加]威廉·吉布森","https://book.douban.com/subject/25808977/"
"时间回旋","4","2020/01/01","","2008/4","[加] 罗伯特·查尔斯·威尔森","https://book.douban.com/subject/3041463/"
"时间旋涡","3","2020/01/01","","2012/8/30","(加)罗伯特·查尔斯·威尔森","https://book.douban.com/subject/10732280/"
"时间轴","3","2020/01/01","","2011/1","[加] 罗伯特·查尔斯·威尔森","https://book.douban.com/subject/5355324/"
"假尼禄","4","2020/01/01","","1982/1","(德)孚希特万格","https://book.douban.com/subject/2254131/"
"咒语","4","2020/01/01","","2018/7/1","[美] 库尔特·冯内古特","https://book.douban.com/subject/30234414/"
"草疯长","4","2019/12/30","","2016/10","[日] 今村昌平","https://book.douban.com/subject/26840568/"
"维特根斯坦的侄子","4","2019/12/30","","2014/6","[奥] 托马斯·伯恩哈德","https://book.douban.com/subject/25870785/"
"夜莺与玫瑰","5","2019/12/30","","2015/4","[英] 奥斯卡·王尔德","https://book.douban.com/subject/26344078/"
"火的女儿","4","2019/12/22","","2011/6","[法] 奈瓦尔","https://book.douban.com/subject/6110483/"
"我青春漫遊的時代","4","2019/12/22","","2013/10","三島由紀夫","https://book.douban.com/subject/25702556/"
"潮骚","4","2019/12/22","","2009/1","（日）三岛由纪夫","https://book.douban.com/subject/3391246/"
"白象似的群山","4","2019/12/22","","2015/8/1","【美】海明威 等","https://book.douban.com/subject/26641211/"
"来日方长","4","2019/12/22","","2013/5","[法]路易·阿尔都塞","https://book.douban.com/subject/24298157/"
"傳奇之劍","4","2019/11/02","","2013/10/15","泰瑞．布魯克斯","https://book.douban.com/subject/25740150/"
"奇幻精靈石","4","2019/11/02","","2013/11/20","泰瑞．布魯克斯","https://book.douban.com/subject/25765262/"
"希望之歌","4","2019/11/02","","2014/2/20","泰瑞．布魯克斯","https://book.douban.com/subject/25827498/"
"流言","5","2019/11/01","","2009/6","张爱玲","https://book.douban.com/subject/3733081/"
"曼斯菲尔德庄园","4","2019/11/01","","2006/3","奥斯丁","https://book.douban.com/subject/1755545/"
"春雪","4","2019/11/01","","2014/3","三岛由纪夫","https://book.douban.com/subject/25769962/"
"少年维特的烦恼 亲和力","4","2019/11/01","","1995/08/01","歌德","https://book.douban.com/subject/1645153/"
"暗店街 夜巡","4","2019/10/30","","2008/4","[法]莫狄阿诺","https://book.douban.com/subject/3058357/"
"大卫·科波菲尔（上下）","4","2019/10/29","","2003/03","狄更斯","https://book.douban.com/subject/1014144/"
"欧·亨利小说全集（全四卷）","4","2019/10/29","","2005/1/1","欧·亨利","https://book.douban.com/subject/1195054/"
"莫泊桑小说全集（全9卷）","4","2019/10/29","","1996/9/1","莫泊桑","https://book.douban.com/subject/1656062/"
"卡夫卡全集（全10卷）","4","2019/10/29","","1996/12","[奥地利] 弗朗茨·卡夫卡","https://book.douban.com/subject/1430657/"
"加缪全集（全四册）","4","2019/10/29","","2002/5","柳鸣九","https://book.douban.com/subject/1082469/"
"费·陀思妥耶夫斯基全集（全22卷）","4","2019/10/29","","2010/1","陈燊 主编","https://book.douban.com/subject/5247161/"
"雪莱全集（全7卷）","4","2019/10/29","","2000/12/1","雪莱","https://book.douban.com/subject/1435617/"
"普希金全集","4","2019/10/29","","2001/5/1","普希金","https://book.douban.com/subject/1597284/"
"失乐园","4","2019/10/29","","1984/11","弥尔顿","https://book.douban.com/subject/2032523/"
"暗水","4","2019/10/28","","2012/12","(美)乔·R.兰斯代尔","https://book.douban.com/subject/19954843/"
"永别了，武器","4","2019/10/28","","2016/8","[美]欧内斯特·海明威","https://book.douban.com/subject/27026357/"
"甘地传","4","2019/10/28","","1997/05","米歇尔.尼科尔森","https://book.douban.com/subject/1039634/"
"加缪传","4","2019/10/28","","2018/1","[美] 赫伯特·R.洛特曼","https://book.douban.com/subject/27124027/"
"莎士比亚书店","4","2019/10/28","","2014/2","[美]西尔维亚·比奇","https://book.douban.com/subject/25798592/"
"陆小凤传奇","5","2019/10/28","","2005/8","古龙","https://book.douban.com/subject/1089512/"
"绝代双骄（全三册）","4","2019/10/28","","2005/8","古龙","https://book.douban.com/subject/1089517/"
"楚留香传奇","5","2019/10/28","","2005/8","古龙","https://book.douban.com/subject/1089521/"
"萧十一郎","5","2019/10/28","","2005/8","古龙","https://book.douban.com/subject/1089518/"
"流星·蝴蝶·剑","5","2019/10/28","","2005/8","古龙","https://book.douban.com/subject/1089510/"
"武林外史（上下）","5","2019/10/28","","2005/08","古龙","https://book.douban.com/subject/1089515/"
"七种武器（全三册）","4","2019/10/28","","2005/8","古龙","https://book.douban.com/subject/1089523/"
"三少爷的剑","4","2019/10/28","","2005/8","古龙","https://book.douban.com/subject/1089511/"
"边城浪子（上下）","4","2019/10/28","","2005/8","古龙","https://book.douban.com/subject/1704006/"
"天涯·明月·刀","5","2019/10/28","","2005/8","古龙","https://book.douban.com/subject/1480630/"
"圆月弯刀","4","2019/10/28","","2005/8","古龙","https://book.douban.com/subject/1089509/"
"大旗英雄传（上下）","4","2019/10/28","","2005/8","古龙","https://book.douban.com/subject/1089519/"
"九月鹰飞","4","2019/10/28","","2005/8","古龙","https://book.douban.com/subject/1738639/"
"风云第一刀","4","2019/10/28","","2005/8","古龙","https://book.douban.com/subject/1088089/"
"浣花洗剑录（上下）","4","2019/10/28","","2005/8","古龙","https://book.douban.com/subject/1033866/"
"火并萧十一郎","4","2019/10/28","","2005/08","古龙","https://book.douban.com/subject/1738644/"
"苍穹神剑","4","2019/10/28","","2005/08","古龙","https://book.douban.com/subject/1089514/"
"楚留香新传（全三册）","5","2019/10/28","","2009/11","古龙","https://book.douban.com/subject/1117078/"
"剑客行（上下）","3","2019/10/28","","2005/08","古龙","https://book.douban.com/subject/1089516/"
"月异星邪","3","2019/10/28","","2005/08","古龙","https://book.douban.com/subject/1089520/"
"多情剑客无情剑","5","2019/10/28","","2011/5","古龙","https://book.douban.com/subject/11580823/"
"白发魔女传","5","2019/10/28","","2012/11","梁羽生","https://book.douban.com/subject/19987769/"
"七剑下天山","4","2019/10/28","","2012/8","梁羽生","https://book.douban.com/subject/11614229/"
"冰河洗剑录（上中下）","5","2019/10/28","","2012/12","梁羽生","https://book.douban.com/subject/21318636/"
"云海玉弓缘","5","2019/10/28","","2012/8","梁羽生","https://book.douban.com/subject/20398138/"
"夜莺与玫瑰","4","2019/10/27","","2014/1","王尔德","https://book.douban.com/subject/26295445/"
"海明威文集","5","2019/10/27","","2011/5","(美)海明威（Hemingway,E.）","https://book.douban.com/subject/6440732/"
"胭脂用尽时，桃花就开了","4","2019/10/27","","2018/4","[日]与谢野晶子","https://book.douban.com/subject/30135659/"
"银河系公民","4","2019/10/27","","2005/6","[美] 罗伯特·海因莱因","https://book.douban.com/subject/1665390/"
"少年维特的烦恼","4","2019/10/27","","2006/8","[德]歌德","https://book.douban.com/subject/1860757/"
"细雪","4","2019/10/27","","2007/7","(日)谷崎润一郎","https://book.douban.com/subject/2160230/"
"魔山","4","2019/10/27","","2007/1","托马斯·曼","https://book.douban.com/subject/2050779/"
"白鲸","4","2019/10/27","","2007/7","[美]赫尔曼·麦尔维尔","https://book.douban.com/subject/2170030/"
"浮士德","4","2019/10/27","","2007/7","歌德","https://book.douban.com/subject/2193876/"
"名利场","5","2019/10/27","","2007/7","[英]萨克雷","https://book.douban.com/subject/2174410/"
"推销员之死","4","2019/10/27","","2008/7","[美]阿瑟·米勒","https://book.douban.com/subject/3127852/"
"弗兰肯斯坦","4","2019/10/27","","2007/3","[英]玛丽·雪莱","https://book.douban.com/subject/2042631/"
"格列佛游记","4","2019/10/27","","2006/8","斯威夫特","https://book.douban.com/subject/1888031/"
"三个火枪手","4","2019/10/27","","2006/8","大仲马","https://book.douban.com/subject/1885213/"
"双城记","4","2019/10/27","","2006/8","狄更斯","https://book.douban.com/subject/1885214/"
"格林童话","4","2019/10/27","","2006/8","格林兄弟","https://book.douban.com/subject/1880823/"
"苔丝","4","2019/10/27","","2006/8","[英] 托马斯·哈代","https://book.douban.com/subject/1885218/"
"安徒生童话","4","2019/10/27","","2006/8","[丹麦] 安徒生","https://book.douban.com/subject/1878265/"
"笑面人","4","2019/10/27","","2006/8","雨果","https://book.douban.com/subject/1885262/"
"金银岛 化身博士","4","2019/10/27","","2006/8","[英] 罗伯特·路易斯·史蒂文森","https://book.douban.com/subject/1894746/"
"蝴蝶梦","4","2019/10/27","","2006/8","[英] 达夫妮·杜穆里埃","https://book.douban.com/subject/1858583/"
"恶之花","4","2019/10/27","","2008/7","[法]夏尔·波德莱尔","https://book.douban.com/subject/3127857/"
"爱丽斯奇境历险记","4","2019/10/27","","2007/3","刘易斯·卡罗尔","https://book.douban.com/subject/2052229/"
"爱玛","4","2019/10/27","","2007/3","[英]简·奥斯丁","https://book.douban.com/subject/2044034/"
"娜娜","4","2019/10/27","","2006/8","左拉","https://book.douban.com/subject/1885226/"
"克雷洛夫寓言","4","2019/10/27","","2007/3","克雷洛夫","https://book.douban.com/subject/2060483/"
"绿野仙踪","4","2019/10/27","","2007/3","弗兰克·鲍姆","https://book.douban.com/subject/2050767/"
"马丁·伊登","4","2019/10/27","","2006/8","[美] 杰克·伦敦","https://book.douban.com/subject/1883354/"
"欧叶妮·格朗台 高老头","4","2019/10/27","","2006/8","[法]巴尔扎克","https://book.douban.com/subject/1858585/"
"爱的教育","4","2019/10/27","","2009/7","亚米契斯","https://book.douban.com/subject/1885229/"
"道连·葛雷的画像","4","2019/10/27","","2006/8","[英] 奥斯卡·王尔德","https://book.douban.com/subject/1856025/"
"理智与情感","4","2019/10/27","","2006/8","简·奥斯丁","https://book.douban.com/subject/1885223/"
"童年·在人间·我的大学","4","2019/10/27","","2006/8/1","（俄）高尔基","https://book.douban.com/subject/1893969/"
"蝇王","4","2019/10/27","","2006/8","[英] 威廉·戈尔丁","https://book.douban.com/subject/1872158/"
"小妇人","4","2019/10/27","","2007/3","[美] 路易莎·梅·奥尔科特","https://book.douban.com/subject/2050777/"
"前夜 父与子","4","2019/10/27","","2007/7","(俄)屠格涅夫","https://book.douban.com/subject/2161695/"
"汤姆大伯的小屋","4","2019/10/27","","2007/7","(美)斯陀夫人","https://book.douban.com/subject/2193880/"
"巨人传","4","2019/10/27","","2007/7","(法)拉伯雷","https://book.douban.com/subject/2161688/"
"被伤害与侮辱的人们","4","2019/10/27","","2007/7","[俄]陀思妥耶夫斯基","https://book.douban.com/subject/2169998/"
"二十年后","4","2019/10/27","","2007/7","[法]大仲马","https://book.douban.com/subject/2161690/"
"野兽的烙印","4","2019/10/27","","2008/7","[英]鲁德亚德·吉卜林","https://book.douban.com/subject/3127853/"
"西西弗神话","4","2019/10/27","","2010/12","【法】加缪","https://book.douban.com/subject/5312095/"
"失乐园","4","2019/10/26","","2014/6","[日]渡边淳一","https://book.douban.com/subject/25891771/"
"心","5","2019/10/26","","2013/6","[日] 夏目漱石","https://book.douban.com/subject/25721652/"
"我是猫","5","2019/10/26","","2015/6","[日]夏目漱石","https://book.douban.com/subject/26410730/"
"罗生门","5","2019/10/26","","2008/7","[日] 芥川龙之介","https://book.douban.com/subject/3136271/"
"诸神的微笑","4","2019/10/26","","2016/1","[日] 芥川龙之介","https://book.douban.com/subject/26712029/"
"猫的事务所","5","2019/10/26","","2011/5","[日] 宫泽贤治","https://book.douban.com/subject/6001114/"
"不畏风雨","5","2019/10/26","","2018/8","[日]宫泽贤治","https://book.douban.com/subject/27601592/"
"银河铁道之夜","5","2019/10/26","","2018/1","[日]宫泽贤治","https://book.douban.com/subject/27194682/"
"风之又三郎","5","2019/10/26","","2012/5","[日]宫泽贤治","https://book.douban.com/subject/10567935/"
"春与阿修罗","4","2019/10/26","","2018/1","[日]宫泽贤治","https://book.douban.com/subject/27136517/"
"一千零一夜","5","2019/10/26","","1998/6","阿拉伯民間故事","https://book.douban.com/subject/1659189/"
"24个比利","4","2019/10/26","","2015/6/30","[美] 丹尼尔·凯斯","https://book.douban.com/subject/26371317/"
"比利战争","4","2019/10/26","","2016/4","[美] 丹尼尔·凯斯","https://book.douban.com/subject/26390426/"
"哈利·波特与被诅咒的孩子","4","2019/10/26","","2016/10","[英] 约翰·蒂法尼","https://book.douban.com/subject/26871656/"
"生命不息","4","2019/10/26","","2014/5","[英]凯特·阿特金森","https://book.douban.com/subject/25875270/"
"忽然七日","4","2019/10/26","","2015/7","[美] 劳伦·奥利弗","https://book.douban.com/subject/5391766/"
"生命不息·归来","4","2019/10/26","","2015/9/25","[英] 凯特•阿特金森","https://book.douban.com/subject/26608445/"
"光明王","5","2019/10/26","","2015/3/15","(美)罗杰·泽拉兹尼","https://book.douban.com/subject/25891911/"
"光与暗的生灵","4","2019/10/26","","2015/3/15","[美] 罗杰·泽拉兹尼","https://book.douban.com/subject/26283241/"
"远山淡影","4","2019/10/26","","2011/5","[英] 石黑一雄","https://book.douban.com/subject/5988624/"
"长日将尽","4","2019/10/26","","2018/5","[英] 石黑一雄","https://book.douban.com/subject/30142261/"
"被掩埋的巨人","4","2019/10/26","","2016/1/1","[英] 石黑一雄","https://book.douban.com/subject/26575658/"
"八月的星期天","4","2019/10/26","","2015/1/1","[法] 帕特里克·莫迪亚诺","https://book.douban.com/subject/26184384/"
"夜巡","4","2019/10/26","","2015/3","[法] 帕特里克·莫迪亚诺","https://book.douban.com/subject/26293418/"
"卡罗尔","4","2019/10/26","","2016/2","[美国] 帕特里西亚·海史密斯","https://book.douban.com/subject/26689063/"
"希区柯克悬念故事全集（全8册）","5","2019/10/26","","2009/2/1","希区柯克","https://book.douban.com/subject/6082229/"
"春琴抄","4","2019/10/26","","2015/10","谷崎潤一郎","https://book.douban.com/subject/26615563/"
"地獄變: 芥川龍之介怪談傑作選","5","2019/10/26","","2015","芥川龍之介","https://book.douban.com/subject/26285195/"
"津輕","5","2019/10/26","","2014/9","太宰治","https://book.douban.com/subject/25932135/"
"莫泊桑短篇小说选","5","2019/10/26","","2011/5","[法] 莫泊桑","https://book.douban.com/subject/1144298/"
"契诃夫短篇小说集","5","2019/10/26","","2015/1","[俄]契诃夫","https://book.douban.com/subject/26294058/"
"欧·亨利短篇小说选","4","2019/10/26","","2011/5/1","[美] 欧·亨利","https://book.douban.com/subject/1852506/"
"福克纳短篇小说集","5","2019/10/26","","2015/11","【美】威廉·福克纳","https://book.douban.com/subject/26654278/"
"神曲","5","2019/10/26","","2014/2","[意大利] 但丁","https://book.douban.com/subject/25811145/"
"卡夫卡短篇小说集","4","2019/10/26","","2015/11","【奥地利】卡夫卡","https://book.douban.com/subject/26654287/"
"城堡","5","2019/10/26","","2007/3","[奥地利] 卡夫卡","https://book.douban.com/subject/2036561/"
"卡夫卡小说全集（全三册）","5","2019/10/26","","2003/08","[奥] 卡夫卡","https://book.douban.com/subject/1081422/"
"变形记","5","2019/10/26","","2003/4","[奥] 卡夫卡","https://book.douban.com/subject/1213546/"
"海明威短篇小说集","5","2019/10/26","","2015/11","【美】海明威","https://book.douban.com/subject/26654289/"
"老人与海","5","2019/10/26","","2011/8/1","海明威 (Ernest Hemingway)","https://book.douban.com/subject/6854863/"
"永别了，武器","4","2019/10/26","","2006/8","(美)海明威","https://book.douban.com/subject/1883349/"
"加缪短篇小说集","4","2019/10/26","","2015/11","[法] 阿尔贝·加缪","https://book.douban.com/subject/26654284/"
"马克·吐温短篇小说集","4","2019/10/26","","2011/6","马克·吐温","https://book.douban.com/subject/6527511/"
"百万英镑","4","2019/10/26","","1999/8/1","马克·吐温","https://book.douban.com/subject/1092246/"
"汤姆·索亚历险记","4","2019/10/26","","2007/7","(美)马克·吐温","https://book.douban.com/subject/2193881/"
"哈克贝里·芬历险记","4","2019/10/26","","2006/8","马克·吐温","https://book.douban.com/subject/1914223/"
"远大前程","4","2019/10/26","","2011/5/1","[英]狄更斯","https://book.douban.com/subject/6313476/"
"爱伦·坡暗黑故事全集（上册）","4","2019/10/26","","2013/1","[美] 爱伦•坡","https://book.douban.com/subject/20493367/"
"爱伦·坡暗黑故事全集（下册）","4","2019/10/26","","2013/1","[美] 爱伦•坡","https://book.douban.com/subject/20493369/"
"爱伦·坡诗集","4","2019/10/26","","2012/11","[美] 埃德加·爱伦·坡","https://book.douban.com/subject/10830086/"
"杰克·伦敦精选集","4","2019/10/26","","2008/12","[美]杰克·伦敦","https://book.douban.com/subject/3499324/"
"杰克·伦敦小说选 野性的呼唤 海狼","5","2019/10/26","","2010/11","杰克·伦敦","https://book.douban.com/subject/5910769/"
"条件反射","5","2019/10/26","","2010/1","巴甫洛夫","https://book.douban.com/subject/4267174/"
"天体运行论","5","2019/10/26","","2006/5/1","哥白尼","https://book.douban.com/subject/1835311/"
"昆虫记","5","2019/10/26","","2012/11","(法) 法布尔","https://book.douban.com/subject/6021942/"
"成人漫畫表現史","5","2019/10/26","","2018/12/26","稀見理都","https://book.douban.com/subject/30387599/"
"《华尔街日报》是如何讲故事的","4","2019/10/26","","2006/1","[美] 威廉·E.布隆代尔","https://book.douban.com/subject/1472946/"
"钢铁是怎样炼成的","4","2019/10/26","","1983/10","【苏联】奥斯特洛夫斯基","https://book.douban.com/subject/2994181/"
"普希金抒情诗选","4","2019/10/26","","1984/8","刘湛秋","https://book.douban.com/subject/1469036/"
"忏悔录","4","2019/10/26","","2022/1","[法]让-雅克•卢梭","https://book.douban.com/subject/26830625/"
"金阁寺","4","2019/10/26","","2009/1","[日] 三岛由纪夫","https://book.douban.com/subject/3391248/"
"假面自白","4","2019/10/26","","2009/1","[日] 三岛由纪夫","https://book.douban.com/subject/3391245/"
"奔马","4","2019/10/26","","2010/12","(日) 三岛由纪夫","https://book.douban.com/subject/4823788/"
"仲夏之死","4","2019/10/26","","2012/2","(日)三岛由纪夫","https://book.douban.com/subject/6719661/"
"纯白之夜","4","2019/10/26","","2011/7","[日] 三岛由纪夫","https://book.douban.com/subject/6021104/"
"源氏物语","5","2019/10/26","","2015/8","[日] 紫式部","https://book.douban.com/subject/26291587/"
"写作这回事","4","2019/10/26","","2009.08","[美]斯蒂芬·金","https://book.douban.com/subject/3888123/"
"斯蒂芬·金的故事贩卖机","4","2019/10/26","","2012/2","(美)斯蒂芬·金","https://book.douban.com/subject/7007230/"
"杜马岛","4","2019/10/26","","2009/10","[美] 斯蒂芬·金","https://book.douban.com/subject/4038618/"
"肖申克的救赎","5","2019/10/26","","2006/7","[美] 斯蒂芬·金","https://book.douban.com/subject/1829226/"
"日落之后","4","2019/10/26","","2013/1","[美] 斯蒂芬·金","https://book.douban.com/subject/20279983/"
"必需品专卖店","4","2019/10/26","","2012/3","(美)斯蒂芬·金","https://book.douban.com/subject/7175439/"
"魔符","4","2019/10/26","","2013/1","(美)斯蒂芬·金","https://book.douban.com/subject/11604560/"
"布莱泽","4","2019/10/26","","2010/3","(美) 巴克曼","https://book.douban.com/subject/4140455/"
"11/22/63","5","2019/10/26","","2016/10","[美] 斯蒂芬·金","https://book.douban.com/subject/26837794/"
"黑暗塔1：枪侠","4","2019/10/26","","2013/8","[美]斯蒂芬·金","https://book.douban.com/subject/25245712/"
"黑暗塔2：三张牌","4","2019/10/26","","2013/8","[美]斯蒂芬·金","https://book.douban.com/subject/25248915/"
"黑暗塔3：荒原","4","2019/10/26","","2013/8","[美]斯蒂芬·金","https://book.douban.com/subject/25251631/"
"黑暗塔4：巫师与玻璃球","4","2019/10/26","","2013/8","[美]斯蒂芬·金","https://book.douban.com/subject/25263930/"
"黑暗塔5：卡拉之狼","3","2019/10/26","","2013/8","[美]斯蒂芬·金","https://book.douban.com/subject/25269146/"
"黑暗塔6：苏珊娜之歌","4","2019/10/26","","2013/8","[美]斯蒂芬·金","https://book.douban.com/subject/25271458/"
"黑暗塔7：黑暗塔","4","2019/10/26","","2013/8","[美]斯蒂芬·金","https://book.douban.com/subject/25273321/"
"穿过锁孔的风","4","2019/10/26","","2013/11/1","斯蒂芬·金","https://book.douban.com/subject/25761490/"
"春日序曲","4","2019/10/26","","2019/8/1","[美国] 安德烈·艾席蒙","https://book.douban.com/subject/33451948/"
"窗边的小豆豆","4","2019/10/26","","2003/1","[日] 黑柳彻子 著","https://book.douban.com/subject/1007914/"
"倾城之恋","4","2019/10/26","","2006/12","张爱玲","https://book.douban.com/subject/1985223/"
"红楼梦魇","4","2019/10/26","","2007/2","张爱玲","https://book.douban.com/subject/2008406/"
"半生缘","4","2019/10/26","","2006/12","张爱玲","https://book.douban.com/subject/1963684/"
"一个陌生女人的来信","5","2019/10/26","","2007/7","[奥] 斯蒂芬·茨威格","https://book.douban.com/subject/2154960/"
"少有人走的路","4","2019/10/26","","2007/1","[美] M·斯科特·派克","https://book.douban.com/subject/1775691/"
"红玫瑰与白玫瑰","4","2019/10/26","","1996/06","张爱玲","https://book.douban.com/subject/1014278/"
"阿Q正传","5","2019/10/26","","2003/7","鲁迅 著","https://book.douban.com/subject/1088065/"
"格林童话全集","5","2019/10/26","","1994/11","[德国]格林兄弟","https://book.douban.com/subject/1043008/"
"一个人的朝圣","4","2019/10/26","","2013/9/1","[英] 蕾秋·乔伊斯","https://book.douban.com/subject/24934182/"
"如何阅读一本书","4","2019/10/26","","2004/1","[美] 莫提默·J. 艾德勒","https://book.douban.com/subject/1013208/"
"雷雨","4","2019/10/26","","1999/05","曹禺","https://book.douban.com/subject/1013416/"
"菊与刀","5","2019/10/26","","1990/6","[美]鲁思・本尼迪克特","https://book.douban.com/subject/1022238/"
"刀锋","4","2019/10/26","","2007/3","[英]毛姆","https://book.douban.com/subject/2035162/"
"我与地坛","4","2019/10/26","","2002/5","史铁生","https://book.douban.com/subject/1209899/"
"草叶集","4","2019/10/26","","2004/05","(美)瓦尔特.惠特曼","https://book.douban.com/subject/1039809/"
"新月集","4","2019/10/26","","2004/8/1","（印）罗宾德拉纳德·泰戈尔（Tagore)","https://book.douban.com/subject/1180087/"
"飞鸟集","4","2019/10/26","","2004/6","[印] 罗宾德拉纳德·泰戈尔","https://book.douban.com/subject/1058661/"
"呼兰河传","4","2019/10/26","","2005/01","萧红","https://book.douban.com/subject/1060852/"
"荆棘鸟","4","2019/10/26","","1998/7","[澳] 考琳·麦卡洛","https://book.douban.com/subject/1086249/"
"Charlotte's Web","5","2019/10/26","","2012/4/10","E. B. White","https://book.douban.com/subject/1371734/"
"史蒂夫·乔布斯传","4","2019/10/26","","2011/10/24","[美] 沃尔特·艾萨克森","https://book.douban.com/subject/6798611/"
"我的天才女友","4","2019/10/26","","2017/1","[意] 埃莱娜·费兰特","https://book.douban.com/subject/26878124/"
"失踪的孩子","4","2019/10/26","","2018/7","[意] 埃莱娜·费兰特","https://book.douban.com/subject/30172069/"
"新名字的故事","4","2019/10/26","","2017/4","[意] 埃莱娜·费兰特","https://book.douban.com/subject/26986954/"
"离开的，留下的","4","2019/10/26","","2017/10","[意] 埃莱娜·费兰特","https://book.douban.com/subject/27104959/"
"时间简史","4","2019/10/26","","2010/4","[英] 史蒂芬·霍金","https://book.douban.com/subject/1034282/"
"时间旅行者的妻子","4","2019/10/26","","2007/4","[美] 奥德丽·尼芬格","https://book.douban.com/subject/2056749/"
"冰与火之歌·卷一·权力的游戏（全三册）","5","2019/10/26","","2012/1/1","[美]乔治·R.R.马丁","https://book.douban.com/subject/6964050/"
"冰与火之歌·卷二·列王的纷争（全三册）","5","2019/10/26","","2012/4/1","[美] 乔治·R. R. 马丁","https://book.douban.com/subject/10488620/"
"冰与火之歌·卷三·冰雨的风暴（全三册）","5","2019/10/26","","2012/6","(美)乔治·R. R. 马丁","https://book.douban.com/subject/10608468/"
"冰与火之歌·卷四·群鸦的盛宴（全三册）","5","2019/10/26","","2012/9","乔治·马丁","https://book.douban.com/subject/11628196/"
"冰与火之歌·卷五·魔龙的狂舞（全三册）","5","2019/10/26","","2013/1","(美)乔治·R. R. 马丁","https://book.douban.com/subject/20381804/"
"七王国的骑士","4","2019/10/26","","2014/1/1","(美)乔治·R. R. 马丁","https://book.douban.com/subject/25778124/"
"未来简史","4","2019/10/26","","2017/2","[以色列] 尤瓦尔·赫拉利","https://book.douban.com/subject/26943161/"
"看不见的城市","4","2019/10/26","","2006/8","[意大利]伊塔洛·卡尔维诺","https://book.douban.com/subject/1863930/"
"ZOO","4","2019/10/26","","2007/10","[日] 乙一","https://book.douban.com/subject/2297697/"
"莎士比亚全集（全8册）","5","2019/10/26","","1998/5","[英] 莎士比亚","https://book.douban.com/subject/1089049/"
"海子的诗","4","2019/10/26","","1999/04","海子","https://book.douban.com/subject/1011754/"
"娱乐至死","4","2019/10/26","","2011/6","[美] 尼尔·波兹曼","https://book.douban.com/subject/1062193/"
"雾都孤儿","4","2019/10/26","","1991/7","[英]狄更斯","https://book.douban.com/subject/1203251/"
"悲惨世界（上中下）","5","2019/10/26","","1992/6","[法] 雨果","https://book.douban.com/subject/1205054/"
"一个叫欧维的男人决定去死","4","2019/10/26","","2015/12","[瑞典] 弗雷德里克·巴克曼","https://book.douban.com/subject/26672693/"
"第一性","3","2019/10/26","","2008/04","[法]泽穆尔","https://book.douban.com/subject/3041486/"
"洛丽塔","4","2019/10/26","","2005/12","[美] 弗拉基米尔·纳博科夫","https://book.douban.com/subject/1465324/"
"追风筝的人","4","2019/10/25","","2006/5","[美] 卡勒德·胡赛尼","https://book.douban.com/subject/1770782/"
"解忧杂货店","4","2019/10/25","","2014/5","[日] 东野圭吾","https://book.douban.com/subject/25862578/"
"白夜行","4","2019/10/25","","2008/9","[日] 东野圭吾","https://book.douban.com/subject/3259440/"
"嫌疑人X的献身","4","2019/10/25","","2008/9","[日] 东野圭吾","https://book.douban.com/subject/3211779/"
"放学后","3","2019/10/25","","2010/1","[日] 东野圭吾","https://book.douban.com/subject/4074636/"
"幻夜","3","2019/10/25","","2009/9","〔日〕东野圭吾","https://book.douban.com/subject/4009552/"
"时生","3","2019/10/25","","2010/1","[日]东野圭吾","https://book.douban.com/subject/4152754/"
"虚无的十字架","3","2019/10/25","","2015/7","[日] 东野圭吾","https://book.douban.com/subject/26413027/"
"流星之绊","4","2019/10/25","","2010/3","[日]东野圭吾","https://book.douban.com/subject/4580972/"
"圣女的救济","3","2019/10/25","","2009/5","[日] 东野圭吾","https://book.douban.com/subject/3713327/"
"变身","3","2019/10/25","","2009/07/01","[日]东野圭吾","https://book.douban.com/subject/3865832/"
"祈祷落幕时","3","2019/10/25","","2015/1","(日)东野圭吾","https://book.douban.com/subject/26118072/"
"拉普拉斯的魔女","3","2019/10/25","","2017/1","[日] 东野圭吾","https://book.douban.com/subject/26920165/"
"谁杀了她","3","2019/10/25","","2012/10","[日] 东野圭吾","https://book.douban.com/subject/10594788/"
"同级生","3","2019/10/25","","2012/3","东野圭吾","https://book.douban.com/subject/7047148/"
"我杀了他","3","2019/10/25","","2013/4","[日] 东野圭吾","https://book.douban.com/subject/20449829/"
"疾风回旋曲","2","2019/10/25","","2014/5","[日] 东野圭吾","https://book.douban.com/subject/25841847/"
"我的晃荡的青春","3","2019/10/25","","2015/9","东野圭吾","https://book.douban.com/subject/26576518/"
"空中杀人现场","3","2019/10/25","","2013/6","[日] 东野圭吾","https://book.douban.com/subject/23010385/"
"天空之蜂","3","2019/10/25","","2015/2","〔日〕东野圭吾","https://book.douban.com/subject/26264953/"
"小王子","5","2019/10/25","","2003/8","[法] 圣埃克苏佩里","https://book.douban.com/subject/1084336/"
"活着","4","2019/10/25","","2012/8","余华","https://book.douban.com/subject/4913064/"
"三体","4","2019/10/25","","2008/1","刘慈欣","https://book.douban.com/subject/2567698/"
"三体Ⅱ","4","2019/10/25","","2008/5","刘慈欣","https://book.douban.com/subject/3066477/"
"三体Ⅲ","4","2019/10/25","","2010/11","刘慈欣","https://book.douban.com/subject/5363767/"
"围城","5","2019/10/25","","1991/2","钱锺书","https://book.douban.com/subject/1008145/"
"挪威的森林","4","2019/10/25","","2001/2","[日] 村上春树","https://book.douban.com/subject/1046265/"
"1Q84 BOOK 1","4","2019/10/25","","2010/5","[日] 村上春树","https://book.douban.com/subject/4742918/"
"1Q84 BOOK 2","4","2019/10/25","","2010/6","[日] 村上春树","https://book.douban.com/subject/4885241/"
"海边的卡夫卡","4","2019/10/25","","2003/4","[日] 村上春树","https://book.douban.com/subject/1059419/"
"1Q84 BOOK 3","3","2019/10/25","","2011/1","[日] 村上春树","https://book.douban.com/subject/5502995/"
"刺杀骑士团长","3","2019/10/25","","2018/3","[日] 村上春树","https://book.douban.com/subject/27199470/"
"袭击面包店","4","2019/10/25","","2015/1/1","(日)村上春树","https://book.douban.com/subject/26264956/"
"红楼梦","5","2019/10/25","","1996/12","[清] 曹雪芹 著","https://book.douban.com/subject/1007305/"
"百年孤独","5","2019/10/25","","2011/6","[哥伦比亚] 加西亚·马尔克斯","https://book.douban.com/subject/6082808/"
"霍乱时期的爱情","5","2019/10/25","","2012/9/1","[哥伦比亚] 加西亚·马尔克斯","https://book.douban.com/subject/10594787/"
"苦妓回忆录","4","2019/10/25","","2015/3/1","加西亚·马尔克斯","https://book.douban.com/subject/26276279/"
"平凡的世界（全三部）","4","2019/10/25","","2005/1","路遥","https://book.douban.com/subject/1200840/"
"不能承受的生命之轻","4","2019/10/25","","2003/7","[捷克] 米兰·昆德拉","https://book.douban.com/subject/1017143/"
"告别圆舞曲","4","2019/10/25","","2004/04","[捷克] 米兰·昆德拉","https://book.douban.com/subject/1037954/"
"达·芬奇密码","3","2019/10/25","","2004/2","[美] 丹·布朗","https://book.douban.com/subject/1040771/"
"天使与魔鬼","3","2019/10/25","","2005/2","[美] 丹.布朗","https://book.douban.com/subject/1228110/"
"失落的秘符","3","2019/10/25","","2010/1","[美] 丹·布朗","https://book.douban.com/subject/4171951/"
"数字城堡","3","2019/10/25","","2004/9","[美] 丹·布朗","https://book.douban.com/subject/1057206/"
"地狱","3","2019/10/25","","2013/12","(美)丹·布朗","https://book.douban.com/subject/25756947/"
"本源","3","2019/10/25","","2018/5","[美] 丹·布朗","https://book.douban.com/subject/30142312/"
"哈利·波特与魔法石","4","2019/10/25","","2000/9","[英] J. K. 罗琳","https://book.douban.com/subject/1041007/"
"哈利·波特与阿兹卡班的囚徒","4","2019/10/25","","2000/9","[英] J. K. 罗琳","https://book.douban.com/subject/1071241/"
"哈利·波特与密室","4","2019/10/25","","2000/9","[英] J. K. 罗琳","https://book.douban.com/subject/1039487/"
"哈利·波特与火焰杯","4","2019/10/25","","2001/5","[英] J. K. 罗琳","https://book.douban.com/subject/1009257/"
"哈利·波特与混血王子","4","2019/10/25","","2005/10","[英] J. K. 罗琳","https://book.douban.com/subject/1432596/"
"哈利·波特与凤凰社","4","2019/10/25","","2003/9","[英] J. K. 罗琳","https://book.douban.com/subject/1013129/"
"哈利·波特与死亡圣器","4","2019/10/25","","2007/10","[英] J. K. 罗琳","https://book.douban.com/subject/2295163/"
"神奇动物在哪里","4","2019/10/25","","2001/10","[英] 纽特·斯卡曼","https://book.douban.com/subject/1028779/"
"神奇动物：格林德沃之罪","4","2019/10/25","","2018/11/16","[英] J·K·罗琳","https://book.douban.com/subject/30368773/"
"简爱（英文全本）","5","2019/10/25","","2003/11","[英] 夏洛蒂·勃朗特","https://book.douban.com/subject/1141406/"
"维莱特","4","2019/10/25","","2000/12","夏洛蒂·勃朗特","https://book.douban.com/subject/1084891/"
"谢利","4","2019/10/25","","2000/12","夏洛蒂·勃朗特","https://book.douban.com/subject/1084914/"
"傲慢与偏见","4","2019/10/25","","1993/7","[英] 奥斯丁","https://book.douban.com/subject/1083428/"
"目送","4","2019/10/25","","2009/10","龙应台","https://book.douban.com/subject/3995526/"
"亲爱的安德烈","4","2019/10/25","","2008/12","龙应台","https://book.douban.com/subject/3369793/"
"孩子你慢慢来","4","2019/10/25","","2009/12/1","龙应台","https://book.douban.com/subject/4207781/"
"边城","4","2019/10/25","","2002/4","沈从文","https://book.douban.com/subject/1057244/"
"斜阳","4","2019/10/25","","2008/10","（日）太宰治","https://book.douban.com/subject/3259428/"
"女生徒","4","2019/10/25","","2009/10/1","[日]太宰治","https://book.douban.com/subject/4011668/"
"奔跑吧！梅勒斯","5","2019/10/25","","2010年5月","[日]太宰治","https://book.douban.com/subject/4626090/"
"御伽草纸","4","2019/10/25","","2012/12","[日] 太宰治","https://book.douban.com/subject/19985027/"
"津轻","4","2019/10/25","","2017/6","[日] 太宰治","https://book.douban.com/subject/27025767/"
"二十世纪旗手","4","2019/10/25","","2017/9/1","[日] 太宰治","https://book.douban.com/subject/27118453/"
"人间失格","5","2019/10/25","","2016/10/1","[日]太宰治","https://book.douban.com/subject/26878147/"
"飘","5","2019/10/25","","2000/9","[美国] 玛格丽特·米切尔","https://book.douban.com/subject/1068920/"
"穆斯林的葬礼","5","2019/10/25","","1988/12/1","霍达","https://book.douban.com/subject/1082334/"
"鲁滨逊漂流记","4","2019/10/25","","2002/1","[英] 笛福","https://book.douban.com/subject/1016003/"
"1984","5","2019/10/25","","2010/4/1","[英] 乔治·奥威尔","https://book.douban.com/subject/4820710/"
"情人","5","2019/10/25","","2005/7","[法] 玛格丽特·杜拉斯","https://book.douban.com/subject/1400705/"
"广岛之恋","5","2019/10/25","","2005/7","[法] 玛格丽特・杜拉斯","https://book.douban.com/subject/1400707/"
"毁灭，她说","4","2019/10/25","","2007/8","[法]玛格丽特·杜拉斯","https://book.douban.com/subject/2216373/"
"骆驼祥子","4","2019/10/25","","1962/10/1","老舍","https://book.douban.com/subject/1043815/"
"三国演义（全二册）","4","2019/10/25","","1998/05","[明] 罗贯中","https://book.douban.com/subject/1019568/"
"水浒传（全二册）","4","2019/10/25","","1997/1","[明] 施耐庵","https://book.douban.com/subject/1008357/"
"西游记（全二册）","5","2019/10/25","","2004/8","吴承恩","https://book.douban.com/subject/1029553/"
"儒林外史","4","2019/10/25","","1977/1","吴敬梓","https://book.douban.com/subject/1507423/"
"月亮和六便士","4","2019/10/25","","2006/8","[英] 毛姆","https://book.douban.com/subject/1858513/"
"毛姆短篇小说精选集","4","2019/10/25","","2012/11","[英] 威廉·萨默塞特·毛姆","https://book.douban.com/subject/10774752/"
"爱德华·巴纳德的堕落","5","2019/10/25","","2016/10/1","[英] 毛姆","https://book.douban.com/subject/26840830/"
"局外人","5","2019/10/25","","2010/8","[法] 阿尔贝·加缪","https://book.douban.com/subject/4908885/"
"苏菲的世界","4","2019/10/25","","1996/1","（挪威）乔斯坦·贾德","https://book.douban.com/subject/1045818/"
"天龙八部","5","2019/10/25","","1994/5","金庸","https://book.douban.com/subject/1255625/"
"笑傲江湖（全四册）","5","2019/10/25","","1994/5","金庸","https://book.douban.com/subject/1002299/"
"神雕侠侣","4","2019/10/25","","有1996年11月北平第4次印本","金庸","https://book.douban.com/subject/1255624/"
"射雕英雄传","4","2019/10/25","","1994/5","金庸","https://book.douban.com/subject/1789837/"
"倚天屠龙记","4","2019/10/25","","1994年5月","金庸","https://book.douban.com/subject/1789841/"
"侠客行","4","2019/10/25","","1994/5","金庸","https://book.douban.com/subject/1789842/"
"鹿鼎记","4","2019/10/25","","1994/5","金庸","https://book.douban.com/subject/1559310/"
"书剑恩仇录","3","2019/10/25","","1994/5","金庸","https://book.douban.com/subject/1442037/"
"碧血剑","3","2019/10/25","","1994/05","金庸","https://book.douban.com/subject/1058956/"
"连城诀","4","2019/10/25","","1994/5","金庸","https://book.douban.com/subject/1442035/"
"飞狐外传（上下册）","4","2019/10/25","","1994/5","金庸","https://book.douban.com/subject/1667254/"
"雪山飞狐","4","2019/10/25","","1994/5","金庸","https://book.douban.com/subject/1483923/"
"茶花女","4","2019/10/25","","1997/3","小仲马","https://book.douban.com/subject/1013380/"
"基督山伯爵","4","2019/10/25","","1991/12/1","[法国] 大仲马","https://book.douban.com/subject/1085860/"
"呼啸山庄","5","2019/10/25","","1999/01/01","艾米莉·勃朗特","https://book.douban.com/subject/1119522/"
"了不起的盖茨比","4","2019/10/25","","2004/06","[美] 菲茨杰拉德","https://book.douban.com/subject/1008988/"
"巴斯克维尔的猎犬","4","2019/10/25","","2007/4","亚瑟·柯南·道尔爵士","https://book.douban.com/subject/2071071/"
"暗红色研究 四个人的签名","4","2019/10/25","","2007/04/01","亚瑟•柯南•道尔爵士 (Sir Arthur Conan Doyle)","https://book.douban.com/subject/2071067/"
"福尔摩斯回忆录","4","2019/10/25","","2007/4","亚瑟·柯南·道尔爵士","https://book.douban.com/subject/2071076/"
"福尔摩斯办案记","4","2019/10/25","","2007/4","亚瑟·柯南·道尔爵士","https://book.douban.com/subject/2071074/"
"福尔摩斯档案薄","4","2019/10/25","","2007/4/1","[英] 阿瑟·柯南·道尔","https://book.douban.com/subject/2071070/"
"福尔摩斯归来记","4","2019/10/25","","2007/4","柯南道尔","https://book.douban.com/subject/2071069/"
"福尔摩斯退场记","4","2019/10/25","","2007/4","亚瑟·柯南·道尔爵士","https://book.douban.com/subject/2071068/"
"恐惧之谷","4","2019/10/25","","2007/4","亚瑟·柯南·道尔","https://book.douban.com/subject/2071072/"
"东方快车谋杀案","5","2019/10/25","","2006/5","[英] 阿加莎·克里斯蒂","https://book.douban.com/subject/1827374/"
"无人生还","4","2019/10/25","","2008/3","[英] 阿加莎・克里斯蒂","https://book.douban.com/subject/3006581/"
"尼罗河上的惨案","4","2019/10/25","","2006/5","[英] 阿加莎·克里斯蒂","https://book.douban.com/subject/1818347/"
"ABC谋杀案","4","2019/10/25","","2006/8","[英] 阿加莎.克里斯蒂","https://book.douban.com/subject/1903164/"
"谋杀启事","4","2019/10/25","","2007/04","阿加莎·克里斯蒂","https://book.douban.com/subject/2063620/"
"云中命案","3","2019/10/25","","2006/10","[英] 阿加莎·克里斯蒂","https://book.douban.com/subject/1931689/"
"破镜谋杀案","4","2019/10/25","","2007/08","（英）阿加莎·克里斯蒂","https://book.douban.com/subject/2268983/"
"巴黎圣母院","5","2019/10/25","","1982/6","[法]雨果","https://book.douban.com/subject/1024197/"
"呐喊","5","2019/10/25","","1973/3","鲁迅","https://book.douban.com/subject/1449351/"
"朝花夕拾","4","2019/10/25","","1973/4","鲁迅","https://book.douban.com/subject/1449352/"
"彷徨","4","2019/10/25","","1973/3","鲁迅","https://book.douban.com/subject/1449348/"
"野草","4","2019/10/25","","1973/3","鲁迅","https://book.douban.com/subject/1915958/"
"故事新编","4","2019/10/25","","1973/12/01","鲁迅","https://book.douban.com/subject/2046909/"
"且介亭杂文","4","2019/10/25","","1973/3","鲁迅","https://book.douban.com/subject/1790950/"
"城南旧事","4","2019/10/25","","2003/7","林海音 文","https://book.douban.com/subject/1254588/"
"神秘岛","4","2019/10/25","","2008/7","[法] 儒尔·凡尔纳","https://book.douban.com/subject/3198681/"
"地心游记","4","2019/10/25","","2008/7","儒尔·凡尔纳","https://book.douban.com/subject/3198679/"
"海底两万里","4","2019/10/25","","2008/7","儒尔·凡尔纳","https://book.douban.com/subject/3198683/"
"绿光","3","2019/10/25","","2009/12","凡尔纳","https://book.douban.com/subject/4211038/"
"格兰特船长的儿女","4","2019/10/25","","2008/7","儒尔·凡尔纳","https://book.douban.com/subject/3198687/"
"八十天环游地球","4","2019/10/25","","2008/7","[法] 儒尔·凡尔纳","https://book.douban.com/subject/3198685/"
"气球上的五星期","4","2019/10/25","","2008/7","儒尔·凡尔纳","https://book.douban.com/subject/3198492/"
"从地球到月球 环游月球","4","2019/10/25","","2008/7","[法] 儒尔·凡尔纳","https://book.douban.com/subject/3198682/"
"机器岛","4","2019/10/25","","2008/7","儒尔·凡尔纳","https://book.douban.com/subject/3198684/"
"太阳系历险记","4","2019/10/25","","2008/7","儒尔·凡尔纳","https://book.douban.com/subject/3198680/"
"蒸汽屋","4","2019/10/25","","2009/1","[法]儒尔·凡尔纳","https://book.douban.com/subject/3464495/"
"美丽的地下世界","3","2019/10/25","","2009/1","儒尔·凡尔纳","https://book.douban.com/subject/3390637/"
"漂浮的城市","3","2019/10/25","","2010/2","(法) 凡尔纳","https://book.douban.com/subject/4279809/"
"极地司芬克斯","4","2019/10/25","","2009/2","儒勒·凡尔纳","https://book.douban.com/subject/3618052/"
"离奇的小岛","3","2019/10/25","","2009/1","儒尔·凡尔纳","https://book.douban.com/subject/3390636/"
"流星追逐记","3","2019/10/25","","2009/10/1","（法）凡尔纳","https://book.douban.com/subject/4147683/"
"北冰洋的幻想","3","2019/10/25","","2009/12","儒尔•凡尔纳","https://book.douban.com/subject/4196517/"
"十五岁的小船长","4","2019/10/25","","2008/7","儒尔·凡尔纳","https://book.douban.com/subject/3198678/"
"环游黑海历险记","3","2019/10/25","","2008/7","儒尔·凡尔纳","https://book.douban.com/subject/3198686/"
"史班瑟岛","3","2019/10/25","","2009/6","儒尔·凡尔纳","https://book.douban.com/subject/3869507/"
"天边灯塔","3","2019/10/25","","2011/6","儒尔·凡尔纳","https://book.douban.com/subject/6751287/"
"烽火岛","3","2019/10/25","","2009/3","儒尔·凡尔纳","https://book.douban.com/subject/3597836/"
"空中村落","3","2019/10/25","","2011/6/1","儒尔·凡尔纳","https://book.douban.com/subject/6059129/"
"大海入侵","3","2019/10/25","","2011/6","儒尔·凡尔纳","https://book.douban.com/subject/6751288/"
"南部非洲探险","3","2019/10/25","","2011/6","儒尔·凡尔纳","https://book.douban.com/subject/6751289/"
"银河帝国：基地七部曲","5","2019/10/25","","2015/10/1","[美] 艾萨克·阿西莫夫","https://book.douban.com/subject/26389895/"
"银河帝国：机器人五部曲","5","2019/10/25","","2015/9","[美] 艾萨克·阿西莫夫","https://book.douban.com/subject/26389897/"
"银河帝国：帝国三部曲","5","2019/10/25","","2015/10/1","[美] 艾萨克·阿西莫夫","https://book.douban.com/subject/26389898/"
"神们自己","4","2019/10/25","","2014/12/1","[美] 艾萨克·阿西莫夫","https://book.douban.com/subject/26264967/"
"机器人短篇全集","4","2019/10/25","","2014/1/1","[美] 艾萨克·阿西莫夫","https://book.douban.com/subject/24882289/"
"神的九十亿个名字","4","2019/10/25","","2013/4","[英] 阿瑟·克拉克","https://book.douban.com/subject/20470849/"
"世界之眼（上下卷）","4","2019/10/25","","2009/07","[美] 罗伯特·乔丹","https://book.douban.com/subject/3897534/"
"大猎捕（上下卷）","4","2019/10/25","","2009/07","[美] 罗伯特·乔丹","https://book.douban.com/subject/3897538/"
"转生真龙（上下卷）","4","2019/10/25","","2010/01","[美] 罗伯特·乔丹","https://book.douban.com/subject/4214004/"
"时光之轮4·暗影渐起（上下）","4","2019/10/25","","2010/04","[美]罗伯特·乔丹","https://book.douban.com/subject/4744976/"
"时光之轮5·天空之火（上下）","4","2019/10/25","","2010/8/11","[美]罗伯特·乔丹","https://book.douban.com/subject/4937334/"
"时光之轮6·混沌之王（上下）","4","2019/10/25","","2011/1","[美]罗伯特·乔丹","https://book.douban.com/subject/5954635/"
"时光之轮7·剑之王冠（上下）","4","2019/10/25","","2011/6/28","[美]罗伯特·乔丹","https://book.douban.com/subject/6533098/"
"时光之轮8·匕首之路（上下）","4","2019/10/25","","2012/1","(美)罗伯特·乔丹","https://book.douban.com/subject/7153478/"
"时光之轮9·寒冬之心（上下）","4","2019/10/25","","2012/11","[美]罗伯特·乔丹","https://book.douban.com/subject/20275457/"
"时光之轮10·光影歧路（上下）","4","2019/10/25","","2013/1/10","[美]罗伯特·乔丹","https://book.douban.com/subject/20488050/"
"时光之轮11·迷梦之刃（上下）","4","2019/10/25","","2013/8","[美]罗伯特·乔丹","https://book.douban.com/subject/24838956/"
"时光之轮12·末日风暴（上下）","4","2019/10/25","","2014/7","[美] 罗伯特·乔丹","https://book.douban.com/subject/25900685/"
"时光之轮13·午夜高塔（上下）","4","2019/10/25","","2015/5","[美]罗伯特·乔丹","https://book.douban.com/subject/26336884/"
"时光之轮14·光明回忆（上下）","4","2019/10/25","","2015/8","[美]罗伯特·乔丹","https://book.douban.com/subject/26437749/"
"时光之轮前传 新春","4","2019/10/25","","2015/7","[美] 罗伯特·乔丹","https://book.douban.com/subject/26417932/"
"纳尼亚传奇：狮子、女巫和魔衣柜","5","2019/10/25","","2005/11","[英] C. S. 刘易斯 著","https://book.douban.com/subject/1461652/"
"纳尼亚传奇：凯斯宾王子","5","2019/10/25","","2005/11","[英]C.S.刘易斯","https://book.douban.com/subject/1461653/"
"纳尼亚传奇：魔法师的外甥","5","2019/10/25","","2005/11","[英]C.S.刘易斯","https://book.douban.com/subject/1461660/"
"纳尼亚传奇：黎明踏浪号","5","2019/10/25","","2005/11","[英] C. S. 刘易斯 著","https://book.douban.com/subject/1461655/"
"纳尼亚传奇：银椅","5","2019/10/25","","2005/11","[英]C.S.刘易斯","https://book.douban.com/subject/1461657/"
"纳尼亚传奇：最后一战","5","2019/10/25","","2005/11","[英]C.S.刘易斯","https://book.douban.com/subject/1461661/"
"纳尼亚传奇：能言马与男孩","5","2019/10/25","","2005/11","[英]C.S.刘易斯","https://book.douban.com/subject/1461658/"
"魔戒（第一部）","4","2019/10/25","","2001/11","[英国] 托尔金","https://book.douban.com/subject/1040104/"
"魔戒（第三部）","4","2019/10/25","","2001/11","托尔金","https://book.douban.com/subject/1071794/"
"魔戒（第二部）","4","2019/10/25","","2001/11","[英国] 托尔金","https://book.douban.com/subject/1058759/"
"魔戒前传","4","2019/10/25","","2002/4","[英国] 托尔金","https://book.douban.com/subject/1072334/"
"精灵宝钻","4","2019/10/25","","2004/05","（英）托尔金","https://book.douban.com/subject/1063401/"
"努门诺尔与中洲之未完的传说","5","2019/10/25","","2016/8","[英] J. R. R. 托尔金 著","https://book.douban.com/subject/26765930/"
"4321","5","2019/10/25","","2019/1","[美] 保罗·奥斯特","https://book.douban.com/subject/30254236/"
"萤火虫小巷","4","2019/10/25","","2015/11","[美]克莉丝汀·汉娜","https://book.douban.com/subject/26642866/"
"再见，萤火虫小巷","4","2019/10/25","","2016/9/1","[美] 克莉丝汀·汉娜","https://book.douban.com/subject/26844525/"
"偷影子的人","4","2019/10/25","","2012/6/20","(法)马克·李维","https://book.douban.com/subject/10763902/"
"她和他","3","2019/10/25","","2016/8/1","[法] 马克·李维","https://book.douban.com/subject/26847654/"
"玛格丽特小镇","3","2019/10/25","","2016/6/1","[美] 加·泽文","https://book.douban.com/subject/26787941/"
"杀死一只知更鸟","5","2019/10/25","","2012/9","[美] 哈珀·李","https://book.douban.com/subject/6781808/"
"岛","4","2019/10/25","","2009/4","[英] 维多利亚·希斯洛普","https://book.douban.com/subject/3673651/"
"线","4","2019/10/25","","2014/7","〔英〕维多利亚·希斯洛普","https://book.douban.com/subject/25890145/"
"回归","4","2019/10/25","","2009/10","[英] 维多利亚·希斯洛普","https://book.douban.com/subject/4038610/"
"日出酒店","3","2019/10/25","","2015/3","(英) 希斯洛普","https://book.douban.com/subject/26331492/"
"鬼谷子","4","2019/10/25","","2011/12","许富宏 译注","https://book.douban.com/subject/10488580/"
"孙子兵法","4","2019/10/25","","2011/9","孙武","https://book.douban.com/subject/6879356/"
"庄子","4","2019/10/25","","2022/11/23","庄周","https://book.douban.com/subject/4917251/"
"楚辞","5","2019/10/25","","2023/1/31","林家骊 注释","https://book.douban.com/subject/4917220/"
"诗经（上下册）","5","2019/10/25","","2011/3/1","刘毓庆","https://book.douban.com/subject/6004479/"
"世说新语（上下）","4","2019/10/25","","2022/10/20","朱碧莲，沈海波 译注","https://book.douban.com/subject/6534693/"
"论语·大学·中庸","4","2019/10/25","","2022/10/13","陈晓芬","https://book.douban.com/subject/6116459/"
"左传（全三册）","4","2019/10/25","","2022/7/25","左丘明","https://book.douban.com/subject/20390850/"
"古文观止（套装上下册）","4","2019/10/25","","2011/5","钟基","https://book.douban.com/subject/6534688/"
"搜神记","4","2019/10/25","","2022/12/7","干宝","https://book.douban.com/subject/10488587/"
"尔雅","4","2019/10/25","","2023/2/3","管锡华译注","https://book.douban.com/subject/25957573/"
"聊斋志异（全四册）","5","2019/10/25","","2022/7/27","[清]蒲松龄","https://book.douban.com/subject/26417287/"
"山海经","5","2019/10/25","","2006/5","佚名","https://book.douban.com/subject/1823533/"
"子不语","4","2019/10/25","","1998/05","(清)袁枚","https://book.douban.com/subject/1070272/"
"人类的由来及性选择","5","2019/10/25","","2009/9","达尔文","https://book.douban.com/subject/4041938/"
"自然哲学之数学原理","5","2019/10/25","","2006/1","[英] 牛顿","https://book.douban.com/subject/1507315/"
"几何原本","5","2019/10/25","","2011/11","(古希腊)欧几里得","https://book.douban.com/subject/6784981/"
"物种起源","5","2019/10/25","","2013/10","[英] 查尔斯·达尔文","https://book.douban.com/subject/25745879/"
"动物农场","5","2019/10/25","","2007/3","[英] 乔治·奥威尔","https://book.douban.com/subject/2035179/"
"安娜·卡列尼娜","5","2019/10/25","","2007/8","[俄] 列夫·托尔斯泰","https://book.douban.com/subject/2253380/"
"战争与和平（全四册）","5","2019/10/25","","2007/8/1","[俄] 列夫·托尔斯泰","https://book.douban.com/subject/2253381/"
"罪与罚","5","2019/10/25","","2007/8","陀思妥耶夫斯基 (Dostoevsky)","https://book.douban.com/subject/2253402/"
"呼啸山庄","4","2019/10/25","","2007/8","[英] 艾米莉·勃朗特","https://book.douban.com/subject/2253389/"
"巴黎圣母院","5","2019/10/25","","2007/7/1","雨果","https://book.douban.com/subject/2253413/"
"红与黑","5","2019/10/25","","2007/8","司汤达","https://book.douban.com/subject/2253375/"
"复活","5","2019/10/25","","1979/3","[俄] 列夫·托尔斯泰","https://book.douban.com/subject/1255288/"
"麦田里的守望者","4","2019/10/25","","2010/6","[美] J.D.塞林格","https://book.douban.com/subject/4894485/"
"茶花女","5","2019/10/25","","2011/1/1","（法）小仲马","https://book.douban.com/subject/5920819/"
"尤利西斯","5","2019/10/25","","2010/7","(爱尔兰)  詹姆斯·乔伊斯","https://book.douban.com/subject/4882012/"
"瓦尔登湖","4","2019/10/25","","2011/1/1","〔美〕梭罗","https://book.douban.com/subject/6041310/"
"希腊古典神话","4","2019/10/25","","2010/6/1","古斯塔夫•施瓦布 (Gustav Schwab)","https://book.douban.com/subject/4872918/"
"奥德赛","5","2019/10/25","","2003/2","[古希腊] 荷马","https://book.douban.com/subject/1085476/"
"伊利亚特","5","2019/10/25","","2000/7","[古希腊] 荷马","https://book.douban.com/subject/1085477/"
"海伯利安","5","2019/10/25","","2014/11","[美] 丹·西蒙斯","https://book.douban.com/subject/25941890/"
"海伯利安的陨落","5","2019/10/25","","2014/11","(美)丹·西蒙斯","https://book.douban.com/subject/25941905/"
"安迪密恩","5","2019/10/25","","2014/11","(美)丹·西蒙斯","https://book.douban.com/subject/25941891/"
"安迪密恩的觉醒","5","2019/10/25","","2014/11","(美)丹·西蒙斯","https://book.douban.com/subject/25941893/"
"美丽新世界","5","2019/10/25","","2017/1/31","[英] 奥尔德斯·赫胥黎","https://book.douban.com/subject/26863404/"
"雪国","5","2019/10/25","","2013/9/15","[日本] 川端康成","https://book.douban.com/subject/24736899/"
"千只鹤","4","2019/10/25","","2013/9/15","[日] 川端康成","https://book.douban.com/subject/24736900/"
"古都","4","2019/10/25","","2014/1","[日本] 川端康成","https://book.douban.com/subject/25788092/"
"睡美人","5","2019/10/25","","2014/1","[日] 川端康成","https://book.douban.com/subject/25772862/"
"伊豆的舞女","4","2019/10/25","","2014/7","[日] 川端康成","https://book.douban.com/subject/25899960/"
"山音","4","2019/10/25","","2013/9/15","[日] 川端康成","https://book.douban.com/subject/24736901/"
"东京人","4","2019/10/25","","2015/2","[日] 川端康成","https://book.douban.com/subject/26289340/"
"藤花与草莓","4","2019/10/25","","2014/12","(日)川端康成","https://book.douban.com/subject/26118073/"
"阵雨中的车站","4","2019/10/25","","2014/12","(日)川端康成","https://book.douban.com/subject/26060718/"
"花的圆舞曲","4","2019/10/25","","2014/9/15","[日] 川端康成","https://book.douban.com/subject/25960668/"
"少女的港湾","4","2019/10/25","","2014/8","[日]川端康成","https://book.douban.com/subject/25947743/"
